"ivs","gpa"
61.5031008049846,63.9810715401498
81.5322054177523,60.0630140890129
66.359076872468,80.267850560749
85.3206961601973,77.5106130260632
87.6186913717538,54.908334626713
51.8222599755973,69.0485254915071
71.1242195218801,61.040521772435
85.6967617757618,49.2924892945804
72.057400578633,71.5012013118814
68.2645894121379,69.2078829074141
88.2733338139951,69.0263073248692
68.1333662476391,72.1615254180123
77.1028254181147,78.8246516439659
72.9053360782564,72.0559750448339
54.1169873066247,63.8356415712647
85.9929988160729,62.6520074807872
59.8435093741864,68.6819720695882
51.6823813412338,73.1001698657895
63.1168287713081,59.6031964729796
88.1801459658891,68.1569113115762
85.5815726425499,79.6726726016791
77.712136246264,68.9171990876551
75.6202725507319,63.0157933240561
89.7707910649478,67.2405483157446
76.2282319646329,81.1464854536198
78.3412187267095,75.5004396121414
71.7626409884542,82.366758000816
73.7656808178872,71.3909785716177
61.5663894917816,74.1027509649042
55.884545892477,64.4154308765187
88.5209693014622,76.0537066893033
86.0919618047774,64.9366645781076
77.6282111369073,55.7943449530426
81.8186967074871,71.2799296568413
50.984547380358,89.4585121773144
69.1118388436735,78.0091433957306
80.3383815009147,81.6525338994626
58.6563174333423,73.5885572309315
62.7272403053939,63.9144282168378
59.2650314141065,67.9775914488972
55.7120008952916,67.2675189318807
66.5818534325808,65.3130022021791
66.5489730518311,77.0416728392972
64.7538180369884,58.0263649763459
56.0977899096906,78.6636613211277
55.5522425379604,78.6415248622589
59.3213639780879,58.0137764093125
68.6384980101138,76.3949199790053
60.6389056146145,94.3022665234451
84.3131086137146,64.4278451805839
51.8332466669381,78.4490424140807
67.688002968207,62.177981543806
81.9569938257337,81.107114182028
54.8759703990072,72.4982471992656
72.437919350341,86.5191539162316
58.2612555846572,55.4102927146308
55.1012660097331,69.4870211387464
80.1323145721108,64.730748238744
85.801814366132,68.027351309237
64.9785110354424,63.7042125731399
76.6046077851206,61.66156419465
53.7936264369637,75.7872237461645
65.3587855119258,59.1241928592307
60.9753457829356,84.8403093155628
82.5856015551835,58.1379341468625
67.940653655678,71.0107915139528
82.4025741219521,75.3298928682648
82.4955803807825,75.8673533909263
81.7736928444356,66.9825333613362
67.5932675041258,70.795019953284
80.1790063455701,79.6126415180968
75.1688452623785,55.4353408292357
78.4072960540652,62.1826028846792
50.0249909330159,73.2040231431661
69.0126629639417,65.5521802166301
58.8047554064542,83.70003993971
65.1926615089178,76.7325386335484
74.5108401309699,70.7216675241476
64.0719163697213,54.9224268246332
54.4454169739038,70.2610022532624
59.7447789087892,66.8358413180301
76.7222234979272,68.976534864794
66.7058711871505,58.1844077294431
81.5278333611786,74.9865804382992
54.1145857702941,59.6104355969297
67.3957096599042,67.7377801855759
89.3982791993767,73.8142582945135
85.7220445759594,62.1648421098695
85.4587624315172,75.8299140568006
57.0021060109138,56.8348959834831
55.2278276626021,41.9022532103946
76.1240770015866,74.6496799078585
63.740658890456,78.40539826961
76.2703251186758,67.1415457640862
62.8149296995252,75.0412625459161
57.507644770667,58.4408347491633
81.2917720526457,68.7285139317434
53.7437994685024,50.5848162395938
68.6711616627872,81.8118089143852
70.4602183960378,88.5991086154316
73.9995583705604,80.7401226028199
63.3129416126758,69.7265303358626
69.5445213466883,69.6666965772408
88.1789530999959,54.839323768489
69.316095886752,77.9038534388823
85.614008884877,67.8926581930822
86.5775274764746,63.4325707463892
74.3493992928416,55.8797420734169
66.4275910612196,67.0023750335373
55.8837876375765,61.5093886498329
87.4119921308011,66.0296947967216
62.049155998975,57.824000122364
52.4288228619844,86.875894829457
87.9090776015073,69.8399747279203
78.8238509371877,80.7494507727239
55.6917718239129,43.9830032974235
71.9713862426579,65.4680217000516
88.1636495422572,63.2451770840793
73.4193341247737,57.7707382063409
66.1804112698883,85.4660915422409
75.9157391730696,55.8471808023051
62.7928246837109,73.1839026040802
62.3088004346937,78.4643628557969
58.7907052505761,71.7819018841802
64.7795546334237,61.2474452250448
89.368768138811,79.4116580672417
56.1680920328945,71.7058808184084
53.6417599953711,59.3650209361796
55.6762763112783,56.1195095239794
77.6002840604633,90.8671743449315
74.7702593356371,63.2149685458156
85.6557646859437,51.4442834608196
76.9199637044221,75.3325936275365
79.483109517023,73.102302560609
70.8454290311784,56.461656642774
76.3935379870236,50.5704358641805
82.8722184058279,68.8369748284139
81.4512620680034,81.3939629170942
89.192876694724,76.3612403518215
67.5772614497691,65.0706257583802
62.4680880829692,61.6581176841562
66.3789981044829,72.7106675675055
50.4186844732612,71.5735334721616
57.3539809603244,76.2971174669273
83.7091727554798,66.042020497111
59.2464712820947,78.993540532031
59.5639982260764,61.6918847266375
53.0676466133446,66.6945529988004
59.8289471212775,77.408145237259
79.2854082211852,79.8997160862711
83.8981266040355,50.6149529854662
69.9010906834155,71.0719040701615
65.5163611937314,76.0877901173463
59.8579597659409,55.4917568650937
54.4438584521413,74.8062559987522
65.5997774098068,61.718257296032
72.8774125594646,80.2025301216443
58.6757105123252,75.3848203210264
67.7907200809568,77.6905229499561
58.7196267489344,71.2071932928703
70.09198253043,78.6364843415775
64.1561828739941,83.8051452831454
75.9994063526392,89.6624801545563
64.9885582644492,69.7160494525094
64.2178152315319,47.5094890966759
71.3475178182125,70.3152600459399
79.6133744157851,72.0556120844997
58.8441175129265,68.446546528556
66.509844744578,75.6828862077707
60.6274674739689,80.1067796451427
75.1989221386611,64.8201756983218
57.3531396314502,67.0590467284389
84.5457644574344,73.9784220880034
79.8627201654017,64.4977625851086
76.7313859891146,70.9126738348824
74.720714930445,50.382924011147
64.8895224090666,58.8010027860238
71.1934274341911,56.7224452439587
84.9872937146574,61.4637630327276
73.2700039912015,63.0669547206933
83.5907105915248,73.8230514254637
62.4979265965521,79.8211300252264
78.3316128887236,62.7261647091246
60.6007122434676,60.03161017622
73.7737277615815,59.5831114101049
69.2515920195729,65.8541127363633
60.6013092584908,67.6097093184744
72.5836173910648,74.8361753383827
86.5275289211422,66.7867515783161
86.074975579977,49.2151073113998
60.966664860025,69.0856572444986
62.8593102563173,81.8718681065156
89.4256353750825,81.9160126851033
74.799732407555,62.1103678188877
87.492563566193,54.5222345636243
68.6613080929965,94.5806049186527
66.2733037304133,68.3757805752058
76.369212968275,69.0254874989438
56.0938646737486,74.2057418869815
72.914682328701,53.8596054338088
59.5490410737693,62.7178088880871
88.4943574573845,54.5955759470999
74.0546290390193,63.069053859894
70.601189089939,71.1884943300456
66.1029336880893,56.3529054201309
85.2098616492003,75.8998267936731
64.5636745914817,72.8934402881734
61.5295712277293,60.9578497437936
56.825809404254,72.2632494238106
56.8868698552251,77.4808116249384
69.2817042209208,80.6109525326174
60.1185971405357,67.8715172135347
58.650191584602,69.0636320608895
76.9750555232167,69.1328586501808
51.9065450970083,84.4146175605505
78.0341234989464,81.2507189227799
64.0755455382168,78.3440156775704
66.3577599171549,67.1265920015931
82.83805295825,73.7324143416641
86.7542939260602,74.032903312207
61.3011332042515,59.5832670571068
88.4441917482764,52.7169548467926
79.135777130723,76.4183002765162
77.4550032801926,54.7068946881958
52.1137577109039,70.0168368848421
65.8088053856045,72.5024782134833
69.1138151939958,75.6386739030588
72.4101305473596,71.8942623751481
77.9304637946188,62.6714619370288
86.627341536805,79.8636585989546
74.7340490948409,87.3863376690625
67.1368603501469,78.8117880892544
71.6832146886736,50.5634909867602
52.3391395434737,83.9957618540294
60.4342742823064,69.4394405381373
65.8860781323165,75.2491427931929
57.9097894672304,76.2203323587106
83.2771025132388,69.033139267933
56.1154889129102,69.2473680235127
82.1367416810244,80.191570693309
71.8730462621897,77.1160192248624
76.4927056804299,79.9026224604423
56.8679397553205,93.8292669523033
75.3222143929452,76.6441586369409
62.4747898709029,72.0738115738531
78.9821738563478,47.8936688942438
65.9575929865241,96.9171400324612
88.7742564454675,65.1732317820369
88.6959348246455,93.7473471509539
79.068101560697,73.7464356800499
60.2886698581278,85.3843019889679
58.8715173862875,68.9028967882376
73.7218260671943,75.1147075469813
60.7008572854102,72.1395797964226
71.2428159546107,68.138793006265
81.4116668514907,68.7960617537751
56.7224324215204,80.1283433584425
66.1759672407061,67.985418530285
68.8630511052907,49.623175055592
84.7242722753435,68.0411075117017
87.028318233788,75.3979060553627
85.2791023720056,76.1645571635144
76.9674737006426,76.1656781747743
88.006679173559,53.0789847913092
70.6577957700938,73.6874205801119
73.0607608519495,79.6785920994706
63.4532482363284,82.7657868146766
63.8929852563888,67.7503872895588
50.8009720221162,66.781074138172
70.1125218253583,84.8783783187804
84.8417365457863,53.3207195422068
50.2520313579589,65.6317002308687
52.8822849597782,74.5746207935746
56.5684489998966,53.8222623461877
80.8133629709482,72.7962786243176
79.4073722325265,88.7786402105219
88.8750254269689,69.9593934656366
68.6588950734586,67.2154597503641
52.9753805324435,74.7491171403405
75.9527249727398,67.2092782921269
80.3437267802656,78.1340037407906
55.4842432402074,79.0443546444969
65.8633837848902,70.0269166123012
58.9994131680578,58.2330784225027
52.3183424212039,56.8177927254091
65.8357075322419,64.0700263434468
52.5971319992095,77.9738050054983
59.0354573167861,50.4179482534308
52.1851643640548,51.1367484126745
76.8112815823406,63.462201752399
61.9096713047475,73.9439484798058
54.0288632921875,60.8643395183501
52.8761638887227,78.8674903709606
85.2176227513701,73.3336997015518
80.1698960829526,68.2936038176139
82.6642355043441,78.1882813653178
89.2856149468571,73.8836516281937
54.1439857985824,65.5406497278784
53.9616731740534,72.3111493441816
81.9532644469291,76.4751335797759
81.3830106612295,73.5628334486205
50.3771962039173,63.4198979205052
81.1626353114843,78.5520220506419
79.1756260767579,81.5293622555862
75.2052741125226,72.7627455654334
69.2364331986755,71.4410466246219
56.2654740549624,69.2437491922016
50.3286207932979,91.6141584630279
68.0983357690275,72.7631553213579
69.6917331498116,68.4170597130006
65.583484461531,44.9208219780275
68.5866376757622,54.3471823496947
78.5311600286514,69.2232679938944
52.2120770532638,72.062940448431
64.1913239005953,72.7687245886161
82.1124909166247,78.2150678044862
83.4283534809947,68.0584759067954
59.5099761988968,82.1458879448256
64.1594441048801,60.7848395713042
84.2754168063402,57.9155727955693
84.1505349520594,57.7101382244619
61.8358182162046,77.4229702418652
55.8819329831749,69.1708005766077
78.1596824526787,77.898179218205
54.1522675286978,67.3229357844291
51.3491109199822,64.0810789778719
89.9761811178178,66.3164742487349
51.3949921634048,51.4738317575827
63.5356513503939,58.3038473958589
86.6025504656136,55.5796535364155
74.6894107852131,80.5432227197535
61.4514139480889,64.026699086372
79.5118961203843,77.8945985279018
83.3621723670512,85.1649060169196
62.5708312168717,68.0822519089006
69.7026619128883,72.8387890635235
77.8949506487697,52.4893248060392
75.6584941595793,61.813302224802
75.7569165993482,70.5621484938284
89.1141361929476,72.9908690333615
66.5894133783877,62.4060188270112
54.7761911991984,96.848589992268
71.0411864053458,65.4160986090761
59.0029340330511,70.6424355663004
69.4564705621451,76.4979186715352
64.8085919395089,69.7398136522601
89.3340072315186,63.5643261297289
65.5327646061778,80.453056639633
59.169793613255,86.155453232072
74.931901851669,69.7030602895017
55.461607882753,75.6226734540307
88.6987797729671,69.0258750149737
70.6028723157942,80.1645521770216
56.5228131692857,58.4383260574015
74.876091806218,93.2086022399448
89.4381666090339,63.9646875221166
76.7508606985211,55.4115058556191
66.7566358763725,66.4908217280693
62.9337997268885,71.46708484145
83.4102127980441,86.2362120768023
55.7526817452163,79.1120967677132
57.7126378752291,71.4245843204579
85.8695473056287,56.1051647601184
62.324782172218,61.3396225532789
64.5320217404515,68.3671506777071
81.3578591495752,95.5302611346059
57.7351471967995,51.3977242578159
50.710632475093,81.3105465184602
66.2643146514893,64.7276574276608
69.3267067708075,86.6599089998742
66.8737980071455,58.607993600266
63.7123520672321,71.4362323466275
84.6593325864524,59.0044905829725
68.2043220382184,79.0351642636167
71.3505949452519,84.8377948873809
88.5537332762033,89.5072100640115
80.9836616832763,77.9760065758952
58.3550539426506,88.4326625457782
62.3514733090997,82.4642390866165
88.8536980096251,68.6812508817599
73.3960037399083,74.770372382847
80.4329450149089,60.2800578852407
64.9083757773042,68.1479783059901
80.7677564490587,82.2096370834882
71.507087321952,75.4128414348235
86.5598179865628,74.5735733162533
57.411857675761,59.6186896031279
61.2887366954237,63.9548676966588
53.7984965275973,62.3539398624643
58.4194831643254,73.952958700135
89.083959851414,60.0949236953344
61.8520870152861,75.6204139009905
79.0393210761249,58.8358358806646
81.4275133702904,88.2853045813536
54.216709844768,74.605913494781
59.583785161376,62.9899638774673
60.8217948954552,72.4104593250122
54.0423397626728,66.4754680077204
54.7165536507964,73.7114795975966
89.6494622342288,72.435327187603
89.4421718921512,59.8588582733853
55.4826988559216,62.0868612118053
86.2123832665384,72.9959368473956
73.0520735029131,86.3905190875156
65.8179543633014,80.8461700867092
67.9920993652195,63.7543252638191
78.26007604599,78.2592290164749
53.3001098316163,69.5143164724371
63.5725032072514,73.0131365171841
77.2315020486712,72.6036149073656
62.6779699232429,95.7544976372339
83.2627439219505,58.1471118941278
58.6068833060563,71.0091985901286
69.9179574474692,52.2002271203238
61.0419869050384,75.8983592295876
57.6809327490628,80.966084717214
88.0248505622149,84.4566224110115
62.8690215107054,50.7485474816288
69.1382553521544,74.1276949719403
51.1197028774768,85.9336995138365
71.898378720507,65.859841369577
75.7696088217199,67.8784946791805
73.8505417853594,69.6346277779526
62.8774950280786,73.6501875143304
85.6445724982768,76.6515987574597
75.0502778962255,83.1782088371148
62.1161966118962,69.0451240955501
65.5281865503639,71.9627804547247
56.4190036989748,94.8799787722146
84.502075901255,74.3109892811499
88.1240485515445,71.8875310932983
72.5457873381674,56.5775687471655
63.1818965356797,70.0285604762223
89.8646887484938,67.7867384683312
59.3927870318294,69.8895417019063
74.5068786107004,64.2458235872883
54.3271411769092,63.131843475573
69.4813027977943,62.7922636817988
53.9778329338878,67.8549548460023
56.4466305077076,83.6813264802863
61.3197148311883,80.4908662655933
73.354893438518,66.4002488205694
79.2683063540608,53.1408354546126
56.6208364441991,61.5541657146405
84.6587105281651,65.4223946675949
78.3429654873908,71.036380042283
80.4159814491868,63.3739272429919
55.8833643421531,90.0668069083189
64.3222785368562,67.2773246558165
76.9332992564887,57.8605552976049
70.9529040660709,68.5873824271749
63.9920717105269,59.9462241840659
59.6212280634791,71.5615570727533
52.3276718519628,72.3363361408987
59.4647896848619,73.5558761162838
85.6031165271997,53.7814174087579
82.4730966426432,72.2071129097065
79.9006528872997,73.1045008054165
56.1964690312743,55.7889155249551
54.9896835442632,79.5536563973041
88.9890323393047,77.8417087909434
67.4451998434961,92.9961936115445
68.5606650728732,71.5670298737573
56.6119232494384,70.46733527518
73.3974622935057,70.9658583408244
60.8311207778752,70.697662309003
59.2038768157363,51.5152722466233
77.6483132597059,53.2887294135776
61.3140959851444,69.224610332088
82.4159226473421,64.189326194335
53.7566642835736,70.5473652505743
82.8812028467655,48.8879162673947
67.0971312280744,55.0130174547324
80.2354903891683,58.9851656106126
76.4954202622175,79.8605822106025
67.7810958772898,59.0150999290988
75.0858473777771,62.0048604642347
50.0186139624566,70.7987381867405
58.6897405609488,66.7725363817489
78.1948898267001,71.4641717866796
58.606659527868,93.0506198204569
82.5573488511145,58.7539632874176
62.3105549719185,66.945303600902
77.5097074266523,64.8324055025627
87.3072431609035,85.1239542683245
54.6311865933239,62.3051507710972
55.1082275155932,69.1791309622428
77.1289542969316,77.8713361432271
67.157943835482,59.414094640516
83.3760391175747,86.5517581574201
88.8575226720423,76.7576241547425
52.8195591084659,59.2579339046965
68.3914077281952,74.5457780905774
78.0634047370404,67.8669285676693
53.4776067174971,73.1322877199433
89.7177606448531,69.1002480298434
60.1239597611129,80.7051603677834
51.9815374258906,56.4889961429667
77.4529978726059,64.7738330280408
81.4770941063762,67.508093222446
64.1442430391908,60.0420127514867
64.6576577983797,59.6004495623381
61.484005227685,69.8201975942334
53.1989164929837,68.6782486714327
64.6181707829237,44.5065722524957
57.1205525845289,80.4057345571938
71.4421488251537,72.4972573598519
70.157948480919,94.1620737314833
87.801404139027,76.851982380511
63.6528513580561,65.5304069103801
68.588550966233,97.973911469581
53.3012472651899,98.3222602391551
84.4042738433927,57.8128818370982
65.8264255989343,74.6903195595542
79.435974014923,67.8875308136785
56.8697362393141,71.8705114655401
68.1904652528465,72.2754272856881
80.8081903774291,57.3809953713095
52.5059999339283,72.8558958024256
82.6032598037273,87.492473631418
62.0457009784877,68.359099958652
64.5868411194533,68.3707328930155
62.4845116771758,83.9857200633747
51.4947985950857,78.9839624068295
70.7521969359368,53.5150518161872
77.1605366282165,72.2855697326219
86.1293424107134,86.5354723467773
51.0210679378361,84.1527634991914
89.5631308294833,74.1995160381423
62.1155049838126,77.2122080711289
87.5655360240489,58.0306478781132
77.5043032690883,73.0013156688137
67.8814797941595,60.4555106481218
82.6591255515814,65.4198193190306
51.5799679141492,79.356036837796
79.5612674206495,58.6310688830886
63.9487797487527,72.6691825087306
83.1700329389423,74.2833203947154
71.4216556679457,70.5491196983963
60.9818145446479,88.2218882183542
82.0379284769297,59.7765267142475
53.6657877918333,76.061302614356
83.2843109685928,69.1106943254933
61.0742028988898,67.3916775616608
80.1244039833546,74.6409123385238
88.5661028046161,59.7959940931607
53.2586624007672,56.8654908348159
84.1745898593217,65.0551912451658
82.089528683573,87.5175714975545
65.4069441836327,70.5576477461252
63.1038959603757,73.3143439822789
58.1975481193513,68.1015336232246
72.7753065060824,74.7049273195383
85.5222076177597,60.4832045698285
71.1885636579245,81.5791046656864
73.4783462714404,75.8470526024135
76.629405701533,61.935471773083
71.1956983432174,70.5455324581199
70.3937159758061,77.1633161949912
50.6464192364365,75.577309820546
51.9083993975073,84.8193401587688
87.1740273013711,63.8701224510515
80.7714215479791,81.1613661549039
58.0432246439159,80.3654800994122
76.0104600153863,68.3751686809715
76.1506672948599,60.2407330717812
65.8101504575461,59.1085480911548
82.4921931419522,74.5778695794497
71.8809367064387,69.2887326627911
85.4053060617298,87.7910266685145
72.1325595024973,75.351379604962
86.2419244647026,66.280551248365
73.4984546806663,59.7445775150289
66.9385460391641,64.1759832539475
87.983412919566,73.4288839289733
78.3615161385387,65.4906535294335
66.5322163235396,75.1423012023069
50.7345633488148,66.6566194783022
72.6693633105606,68.9444009120552
69.6025381237268,62.6949032719217
85.1469608489424,89.0504358490871
82.5141075160354,73.3262173147039
84.1639991011471,72.3063364049945
64.7158379107714,53.0813758511593
84.9579965136945,76.5979189954933
56.0535268578678,59.7637641112029
61.2724667880684,61.084784256457
76.668206313625,79.1834117102165
89.0953430719674,65.4729935349177
73.3095894660801,52.5162771999682
71.063603181392,87.6990410988936
52.4312889948487,46.2259307460748
88.7615545466542,75.7281152985959
54.8094851430506,80.1724924908461
53.5345320403576,63.6903213333947
85.2305645961314,74.4428705141155
70.3348251897842,74.3913038838856
63.4997998923063,80.4062315291451
85.7733850181103,74.8409938795252
51.2788651231676,67.5511622090747
59.4891878962517,79.1599205794021
77.4596140440553,78.0062235650977
59.0327369328588,60.6343096586421
62.7397835254669,55.9921256600427
56.9593526702374,71.6027753999318
82.0571833476424,67.2603762522482
55.851282319054,60.144608874377
82.9086956661195,70.8393067951503
63.2399131450802,56.8000347351309
64.9667755141854,71.612263513262
75.1898169517517,63.7507161245808
53.8653497211635,79.5716427419248
50.8797486126423,94.2448914116153
89.7217912133783,60.8402075631321
73.357553826645,80.5766417094298
81.2729226052761,78.2514972776828
85.6758449040353,69.2980577569464
80.1946181431413,65.4635362594299
89.1681492049247,85.7530770683749
51.7658827174455,49.9454218176375
86.1360353883356,63.5680520840634
84.6200325619429,55.6315655634222
81.0163036547601,83.9531343894608
65.0726566743106,68.0929656735514
51.6843219473958,64.7532880053033
64.5764432661235,101.840444740663
60.9500507917255,69.4996273211237
84.0186992287636,65.5625068813348
64.4960684981197,72.9986525013614
62.1791116241366,54.3157537924503
80.3654135763645,74.9030264267207
83.7933849729598,69.0383679892003
68.316862443462,74.6852512253015
79.18526657857,60.1762936406215
54.1631454415619,59.7701615785206
58.799327109009,63.0658533672382
88.158049909398,62.3201042690722
80.0815016496927,82.9904996668359
82.7582153305411,85.7914556180809
66.7110840696841,68.4310804696093
73.7535397242755,66.4106343941532
81.9529423117638,66.7096116957833
85.5363460164517,70.6923647785302
65.4076637327671,70.9690423370105
53.6128833703697,72.9003438776557
75.029745483771,62.5332105895374
79.8254486918449,61.5310361117968
53.4151382930577,81.9707766374608
62.0207044482231,64.5137263889668
74.5824862923473,73.0304569522545
80.1172823179513,69.4302946619667
86.6822853218764,60.4215060784933
69.0300202276558,75.9106190941151
72.6847786456347,71.7310487349295
79.4648138433695,83.9978335621251
84.297896977514,71.1745958462699
86.3658601790667,66.6845424179915
52.2552890144289,72.7829491330536
70.1163321640342,58.1440835096466
64.0217909216881,61.641059466064
83.8222449179739,75.1027325113943
82.2574065532535,66.6687909877605
54.693249091506,69.3403905364754
78.5074621997774,68.8477829057805
59.410754321143,63.4948738122547
52.9982700478286,49.8131134091758
87.4258458893746,73.4883497017659
56.2867130059749,77.6163950764686
75.8822940010577,57.1128376464987
56.9407098460943,84.8240271845861
50.8029603678733,73.8515482368723
70.8525538537651,83.4164029499387
53.4511157311499,60.4282952875771
61.3200938422233,71.6678128835425
66.8173960410058,68.9998604106119
73.4911249671131,77.6850743188178
82.2677771840245,64.2414043208731
58.0798083543777,69.8990232804754
68.3769868686795,52.2134085125605
67.9257245548069,62.223785571295
79.3499103281647,71.2503388366511
78.5901924222708,62.9367850761178
83.2488791551441,69.5643051418852
85.462644835934,65.3207402607478
88.1057829596102,76.0693013616149
72.0246688742191,81.6848830874956
70.8934306446463,61.7749858719248
56.8279302120209,66.9296344140527
69.1708623990417,84.3976125836974
60.1528318598866,48.0107674581629
51.5912254806608,66.8016220825926
75.3920203913003,90.6470428414334
71.5824365615845,91.9359006906425
55.6041419971734,71.5659532335015
61.3484710734338,61.3639104938636
73.3212238084525,71.6545741949044
56.6010356880724,63.4722560405298
53.8520444277674,84.5281728229148
67.1445236541331,61.9351734429695
64.230462629348,73.7291159520875
83.7973415944725,76.1985007456869
60.4052989464253,62.4248983930415
50.9257796872407,78.5152468150618
84.495981587097,62.5207002908369
63.3835184480995,76.3023982965398
75.2715548686683,80.9666163310355
71.8570503499359,60.1155707761679
65.0577797275037,81.079950409796
57.4349206034094,65.1046712878759
67.1576236467808,72.9435338843697
75.2309439424425,72.0183747228877
70.8336940500885,65.728036136618
76.3848534878343,72.6810286999778
79.1744372528046,57.6956907457616
69.4729149341583,68.6386312781504
65.3782646264881,78.2579083166517
50.2733403537422,48.2587535077069
50.1473691035062,55.1207381264175
89.7974576056004,58.3806244240303
54.3154752068222,54.1091030585457
66.7467663343996,74.1958303929636
78.7153818644583,60.0707165024399
79.7015652898699,48.3545291467103
84.8799529485404,63.6243123491955
74.3147184420377,66.0936474852519
80.2481340523809,78.5678547377811
83.8896519225091,58.9624786400117
74.5111859589815,81.612892557387
81.728966711089,73.983627156286
50.9141873382032,73.6235215763554
66.6765819862485,61.474743296855
84.9952954985201,89.5366787989804
75.8938806224614,68.3572916790284
86.9791594706476,51.7510241582167
56.8890038412064,67.961435286075
62.6325115654618,50.6555592926795
82.1702511701733,66.8948988421333
89.5585364475846,65.7777299681038
62.8954220749438,76.8182969040341
50.0476651359349,80.0949618573749
89.686824772507,62.7389503509885
55.9340956714004,78.0610886837503
51.9745718874037,84.2432310966876
73.8941393047571,62.1585599515735
62.8531377390027,63.4759563350067
71.1171600129455,76.5077836315368
81.8168808147311,71.8304796994394
52.757303873077,75.4877496044428
77.8008278924972,84.0468429454756
87.9452602937818,73.870831195764
61.1107726953924,80.5170127017537
59.9762634094805,76.2290546233719
56.3774192053825,74.3362038980885
52.8652022406459,73.8608443818441
72.2975033242255,82.9132330445808
69.5934820640832,59.9774012628935
69.7716944757849,58.9481727084251
85.5348634067923,75.9194600339721
51.4681743923575,68.8031033586689
58.1497525423765,70.7400521168496
70.5512455664575,77.412773771714
59.4535955600441,77.5329504784908
73.0174267943949,67.3732949663822
69.2903164587915,66.874561310029
72.7741075493395,70.7359860900787
55.7660926040262,80.6301778929474
55.8283505029976,74.26020486679
66.4913245197386,84.3300751082319
77.320411298424,69.9236312958003
76.1371128167957,81.2566760522075
86.6394533216953,78.8300231101725
82.5245252996683,76.1208346090007
77.0356000494212,74.1470070677846
82.2999643720686,67.2011760285748
55.1225767843425,68.9096249083077
60.031141359359,72.2939549570847
63.2618796639144,70.4888889067929
66.2907715979964,79.4322446838622
75.414703078568,68.9068287681357
82.3444817960262,69.2962307841217
60.3520480543375,65.1568091243434
82.7786855958402,68.6166367145667
50.6191067583859,69.3123435769616
76.1760306637734,46.8626422610058
82.4687833711505,56.3516830278568
68.4547570720315,69.2751309004804
58.1366840656847,67.347162251355
50.7507286872715,57.9913067179256
61.3253078889102,50.0846182395698
86.6109050251544,66.4563078008657
87.3478608205914,76.5349576569428
71.7012645490468,87.7323863192756
58.776901839301,69.6154320629066
69.5771121606231,84.9318484062772
82.0459494460374,70.8302215763597
66.3052263110876,71.1553210425956
54.1484626755118,73.2482531334875
61.2226069904864,61.2942275473908
64.4586488232017,69.4828178710512
60.3697936423123,79.0844769879225
68.8272733427584,62.5027421314781
64.633818930015,66.7839393011204
54.8508821707219,58.5222924954075
51.8797472212464,73.5435219644936
60.5118521675467,74.2479978238902
88.7456467188895,76.4834735122408
69.5398192945868,57.801899684831
69.1128811892122,71.0723503475476
79.9517152458429,60.5594230835015
76.7056092526764,69.9961535128398
51.9766238704324,83.4262392000608
77.8042097762227,64.9647471306572
64.5304626692086,77.1668332093882
85.3653442952782,62.503314159163
81.0118891857564,65.2147178954969
55.5681456532329,74.3872175058662
61.800370849669,63.2088772954213
55.0433114171028,52.9703516485456
73.5960649512708,82.6516843521333
72.4670243542641,73.6035723787985
77.5488448049873,64.1636055943991
62.4508323613554,50.059212126694
74.2234736587852,89.022097713993
89.6413727570325,103.903708212715
79.7281966079026,72.0748040735546
53.0342852137983,78.4980664751119
68.0467562563717,82.2456031207416
52.1414773818105,62.9819556646139
63.5822205618024,66.4880377044346
79.3580859526992,52.728789633548
50.1642776187509,62.6342176772813
80.8763792924583,76.2240978288611
68.5190084483474,67.0928401075913
78.8336140010506,67.8578846581692
76.6602286882699,68.8744044849748
72.8829488251358,51.363330175044
78.1525180023164,78.3762993423167
76.2888424191624,55.5650711106458
61.5740858018398,67.9142983758435
53.8895782269537,65.6143653794117
88.4968528430909,67.814061831438
79.4533611647785,84.5996594473579
74.5089387428015,64.1794008208463
54.7971552331001,62.169024042881
72.0103618595749,54.8034600505616
60.5102511122823,61.9430191838875
85.934433247894,58.3381529263226
50.3671978320926,74.079461962483
59.4493974372745,61.3699575399212
55.2017838135362,73.0404203502814
63.0493258684874,68.5357251215208
79.0559555310756,55.664378200892
89.6698094159365,62.093922142773
78.6053411103785,78.8511245505768
70.177592439577,79.0307608595457
67.4419068731368,90.0557327430063
87.9530100245029,69.9641969160022
54.8072595056146,55.0417318601786
53.0058070644736,62.3158297298484
85.5608597118407,74.0848850484015
66.9780838023871,89.0013633489472
51.694427151233,71.1000912343972
75.897685745731,81.4038682512847
68.7447664979845,77.6808130469226
74.7170449327677,58.3190837788267
60.8326173014939,68.2888734773514
56.291811466217,83.0526153634768
54.5701708085835,78.7609610959591
70.3073145262897,74.637961415678
71.92129150033,74.7711424537688
55.6258475780487,65.085946997906
56.7907620035112,56.806146866558
80.479412926361,82.9542579083131
71.095797624439,55.7978050833307
84.4395743031055,60.6110408029417
76.9421995151788,76.2896499251984
50.5216411873698,57.378054506104
77.7279560547322,64.4812958672721
85.6685492862016,58.1720049321752
75.2740070130676,76.2066355772895
54.2917861975729,74.4631301663809
86.84260815382,74.2188469327369
77.0144952461123,74.4246477214564
55.9437485039234,75.5724574637894
79.8136736918241,76.3935649197052
87.7039544750005,50.3133844332578
66.8313350249082,68.5118363864013
61.9089231267571,71.124638125519
60.3770668059587,77.2467620264776
58.9152526762336,58.1251392399471
72.6261737383902,65.0039981018409
80.2660053130239,59.2635700924884
76.7841418366879,80.5724021270968
71.8609117716551,82.7907258320933
82.4585463106632,77.8767672535923
80.3666720818728,57.7759661742301
50.802738647908,74.5195211673665
65.2361480053514,81.5044918638092
52.0352045446634,71.6794098073646
81.9161174912006,64.3389066710403
86.9479685276747,59.1388175938865
71.7039348185062,63.3469720443984
84.0945840068161,77.1484835594934
73.3425145316869,65.6833889961807
76.7329457402229,72.2761493994009
70.452583860606,82.949457956703
80.5100235715508,75.7833494046945
86.1344915162772,83.6467278147354
82.8189804870635,52.9842019733959
52.8572739847004,67.1932372028621
50.1558537222445,70.6506801949219
52.0879446342587,75.7858929160851
84.6624071896076,58.3079337847103
73.0498067568988,78.0618485544729
62.5537028815597,73.0739007616233
88.3786313515157,72.6380601360472
73.6477502807975,75.0848479160505
71.2563734315336,68.8364156012301
65.3574668616056,79.2554609849911
62.7821291796863,76.4822977373149
82.3354502115399,68.497906258323
51.6767799388617,80.403770193407
64.549707788974,72.9255868494618
84.263878678903,76.6875139943946
77.9178631398827,64.0582235837578
77.3794589191675,85.8043183698592
63.9206021092832,69.9601105565002
72.187273176387,78.4784276889348
55.4897447023541,68.9988347410731
81.3972622528672,67.203700930194
85.4745028633624,77.8443824528001
58.1638353317976,54.1538335540883
80.8249184582382,74.7836614779403
73.8545184303075,73.9356637299481
88.3067896962166,43.0467063087548
56.3475359044969,73.6837732853326
71.0389709658921,48.3158225265299
84.9260547012091,76.5980437689272
84.7882428113371,65.4608626661881
50.9475457295775,63.0506317476511
89.0355877391994,69.9315369682733
69.6089679282159,83.7305204498399
65.5668129213154,63.6467692278211
66.7021983955055,75.5810329394878
53.7170328199863,73.4115786842188
56.4723684079945,58.2048137085844
66.2166598066688,52.5897798266603
63.6725777667016,50.0741422876086
66.6102981287986,75.5127421146789
62.1620987635106,69.652579384687
72.4112214986235,88.5057170361062
56.2349660228938,75.7367510826304
88.2631905656308,78.4969589108261
51.7586650140584,83.3438358533495
64.8863097093999,64.9928090203503
88.5046136565506,75.1009792822849
75.8171006292105,78.6879327024415
52.4505045730621,83.6935168800303
66.3978371396661,77.6265114632637
67.0362053625286,74.2114717303733
70.3263233881444,61.3177595272878
67.9839964304119,77.2956036095769
74.9304553400725,75.0026587241829
55.5991172417998,76.3425025370691
86.3178560324013,74.2364504557226
72.7777309902012,67.9816195529
71.9312229566276,69.2313410156599
54.6731049008667,76.8736411328152
80.4811332933605,71.7163150692454
69.1347778681666,61.6989142567301
81.2787565868348,67.0984088019433
51.841061944142,56.8087427582349
82.7937867119908,60.3296809733109
60.776337897405,68.5538892986448
61.3140165805817,52.0186744362507
75.7288623787463,53.1145752540842
87.9247535113245,81.0256519943608
50.2799381781369,64.2338107578856
64.0647068805993,51.4830827044851
66.7618289962411,68.8713676057102
68.3150718826801,83.2106926722151
78.467703172937,76.6225429693464
86.7939223069698,74.4138319835364
75.0844280235469,81.8374591227984
86.0872711334378,62.2849855889911
80.2931663673371,77.2968919135204
55.5143346264958,64.1291438422114
56.1301951203495,70.0076418636251
57.652487475425,92.1446531934013
67.3274056240916,79.6943439570926
53.4887720737606,77.6800771371721
58.9512000419199,58.9167208818184
72.8859471809119,62.1376408000529
66.0067671351135,92.841164802616
72.6186152268201,59.0669923602669
83.1849551480263,72.1447937528507
75.6845527794212,78.9257105963707
65.6599500682205,80.1875797234226
78.3831941895187,80.8911201091924
54.3529629241675,68.3687101011479
